{"cameraMode":{"drawMode":0,"name":"Shaded","section":"Shading Mode"},"sceneLighting":false,"audioPlay":false,"sceneViewState":{"m_AlwaysRefresh":false,"showFog":true,"showSkybox":false,"showFlares":true,"showImageEffects":true,"showParticleSystems":true,"showVisualEffectGraphs":true,"m_FxEnabled":true},"in2DMode":false,"pivot":{"x":0.000008963048458099365,"y":1.6629447937011719,"z":0.062096890062093738},"rotation":{"x":-0.12641628086566926,"y":-0.7261161208152771,"z":0.13874509930610658,"w":-0.6615339517593384},"size":0.8660253882408142,"orthographic":false}